twitter_id	party
1005471704053964800	D
1010233470247895040	R
1009904098030903298	D
1002004819429744643	R
1013844361950396417	R
1015847316580859905	R
1035506312082350085	D
1093345249144070144	D
23461896	R
1093319045997346816	D
112533514	R
16130058	D
21757965	D
1037117868461252613	R
708180492466520065	D
12501012	D
896788356100521988	D
389595160	D
219136025	D
3377930266	D
50700312	D
16252960	D
168755239	D
20078631	R
20144167	D
283918376	D
57540655	D
15966258	R
23789618	D
407986227	R
4476084275	D
1507885110	D
14229561	D
18497595	R
378937403	R
1237704769	R
32768065	I
1339899973	R
20734021	R
19701834	R
28901450	D
814691631614070784	D
758374478	D
148906064	D
456491089	D
202367059	R
3382567000	R
2752601	D
935805018	D
5496932	R
385081448	R
206889065	R
2883461229	D
1185046638	D
79888493	D
116252787	R
21430391	D
19103864	D
16285818	R
19300475	R
1411055742	D
733780928342921216	R
39428226	D
737090258328752128	D
787314168219176960	D
2448449669	R
751075331801485313	D
773952818755538945	R
783036344327081985	R
797444575564533760	D
813239494098948096	R
818513652814843906	D
825166422707933185	D
825364288520982529	D
2811838608	D
322986132	D
874659991	R
715284641	D
267583652	R
453664934	R
1379778728	D
52838571	D
572391603	D
39305398	R
19775673	R
29450425	D
77889726	D
12927172	D
179404998	R
37232848	D
884875472	R
2482143444	D
24928470	D
105152728	D
1461928158	D
2421047521	D
116588778	D
2227462382	D
632094967	D
3367706878	R
917619782312255488	D
1031495936	D
22946048	R
707203777313382400	D
755057200901398528	D
762688704208969728	D
779032712782815232	D
786734499308511232	R
869622846498021376	D
14311688	D
1473110280	R
551371017	R
711026018048286722	D
903399133372751873	R
55861517	D
126755086	R
844062990	D
319971600	D
989917831176376321	D
844308763	D
148504862	D
10486052	D
3089768746	R
97747246	R
23830832	R
24772913	R
852002790335492096	R
886466075071787008	D
961595582165987328	D
22528309	R
987500474633990144	R
990619881405145090	R
996612221781323776	D
240558399	D
127312196	R
16261447	D
45900110	D
42869078	R
23839068	R
2373779816	D
1283359081	D
282616170	D
214073707	D
1138688364	R
14975341	D
17367405	R
191734131	R
2944278901	R
18915709	R
724982770963984384	R
827311090384121856	D
839513345283731456	R
55329156	R
1022263688	D
88293771	D
56279436	D
6742412	R
356491663	D
5693842	R
42492309	D
39510422	R
73458071	R
13484442	D
21954970	D
409092507	D
30253471	R
419185056	D
976931069470617600	D
403415466	D
241607084	D
367559109	R
850179726396227584	D
907018699	D
40772047	R
1610998225	D
619520469	R
17547736	R
308142557	D
4150911455	R
19538400	R
861243229093724160	R
234029543	R
610869738	D
1002373614	D
91038197	R
21643769	R
24265209	D
466969081	D
800542393510412288	D
801797759959318528	D
803391419561820160	I
854194394856964096	D
927766656243220480	D
795322426779254785	D
955644716443254784	D
19407380	R
7651862	D
20873757	R
3241009698	D
380502564	D
21840425	D
114844202	D
22299177	D
54575660	D
275030575	R
186139185	R
19808819	R
139805236	D
14115381	D
2182292022	D
26960435	R
869261875	D
15393337	R
109355585	D
238862918	D
1431626312	D
38281802	R
634184276	R
612057704	D
2469503594	R
3058541172	R
193823350	R
14344823	R
64914038	R
725872685444648960	D
17408643	D
1096434308	R
14377605	D
3098321542	D
69345925	D
43950728	D
838266910043164673	D
90563208	R
2233172622	R
23405202	D
236462739	D
243278482	R
21324442	D
3362914971	R
18031269	D
24412841	D
53019309	D
241107638	D
167150263	D
14836408	D
49038014	R
803537599	R
87941822	R
3080692418	D
323986118	D
204989127	R
39207632	R
1112974033	D
255640273	D
589521616	R
70460118	R
308658903	D
64914137	R
18916061	D
154591966	R
14090977	D
33653473	D
41173731	D
782918371	D
2361623269	D
240714470	R
246022887	D
2834121446	D
761783018	D
600408823	D
225313528	D
126452478	R
716079767418593280	R
390103810	D
18572035	D
730881557666226176	D
734914091886600192	D
742731683573555201	D
2587026183	D
1092281096	D
74482441	R
825436379525963776	D
247595792	R
838105183775121412	D
309224217	D
58491682	R
17933092	R
30532394	R
57123630	D
3283723057	R
910131	D
69190453	R
246883126	R
228565815	R
19292986	R
296903483	R
2805703487	D
345555778	D
19292999	R
16745288	D
2962981703	R
22553425	D
26583896	D
22946655	D
16335712	D
89006955	R
14893938	D
15934324	D
38978422	D
18776960	R
770597146152300544	D
781578192654069760	D
788195510356176896	D
826902014462423040	D
836960653411774464	D
21390214	D
2150073223	D
6185862	D
718929753567293441	D
50463626	D
14975883	D
776959799871303681	D
826637866755321857	D
104727439	D
257180565	D
18981785	R
14189467	D
860701598	D
19088288	D
15631272	R
235684777	D
389841834	D
17343403	D
1119732654	R
629597102	D
2815910834	D
26133429	D
3302024118	D
16843704	R
3871171517	R
1216086978	D
1322558402	R
22873033	D
431948748	D
128549847	D
62071770	D
74925018	D
15238108	R
36471778	R
2986034147	D
3126551526	D
56263671	R
593568761	D
66020352	D
730192575949209601	D
20833289	D
22266893	R
25945103	D
893953040	R
43148312	R
16106522	D
2413913117	D
211207200	D
61047840	D
4009968675	D
27952164	D
18695206	D
4551566374	D
602997805	R
3065062453	D
2453455927	D
64496696	R
355591226	D
1490306108	D
19276862	D
987042459602620417	R
26248258	R
23921732	R
55043152	R
2164876369	R
23176276	R
110003286	D
270640218	D
400188508	D
785884261	D
72123495	D
920282726577704960	D
921535285917356032	R
924325113666965504	D
926095727272628224	D
986218629766287360	R
989529922531201024	D
109552764	R
32990333	R
1056634891901767680	D
1074513692308443136	D
1081333913061068800	D
1090998587121635328	D
1020562647123660800	D
1091165628642267137	R
1091516145423781889	D
1053459700690358272	D
1054583923466997760	R
1067148449513115649	R
206185603	D
49800332	D
928485013347274753	D
942582714871484417	D
952322536448102402	D
845359091887280131	D
978741104567816194	D
47146130	D
43549846	D
70608023	D
18343065	D
60794014	R
105317535	D
828338221838917632	D
164054177	R
840711877512552448	D
31524003	R
22029476	R
7259302	D
81159334	R
226436267	D
829441206	R
43173060	R
47711431	D
1695286476	D
1924400334	R
20047055	R
562382031	D
1278665942	R
141288664	D
273130714	D
1055515873	R
2992440550	R
16155881	R
1976411372	D
20333804	D
23848174	D
19932400	D
374383858	D
95143163	D
230761725	R
4281926909	D
59827454	R
742060047375572992	R
808496137929793536	D
1611097350	D
711641871399780352	R
16696584	D
738132584622759937	D
817035658162077696	D
823100414878851073	D
878759964134604800	D
2281243921	D
1662453013	D
9905432	D
15533337	R
979529421039300608	D
18810140	D
20956445	R
1902789918	D
100615455	R
2293097760	D
849020859117207553	D
614901028	D
3347236137	D
20571434	R
41362731	D
11134252	R
121537837	R
38274353	R
133801267	R
15738163	R
2309285172	D
27067705	R
33580347	D
24880446	D
163300674	D
48219458	D
13329732	D
41272646	R
19473742	D
42878291	R
242124117	R
2444387672	R
109290844	R
258245983	D
15238501	D
75367781	R
14534001	D
49055093	D
15951223	R
10102142	R
21874048	D
1055111945605525504	D
1080986167003230208	D
1093568365803778048	D
1012405825250439168	R
730983555245977600	D
1015702199073112064	D
1063916328443097089	D
712095843021619200	D
737469696149204992	R
63776138	D
19916171	D
525993356	D
755057897583804416	D
825777487925870592	D
1539564943	D
1065145460569059331	D
71132559	D
840627063962906627	D
885667789247262722	R
898565402346827779	D
961488077880471557	D
53929374	D
759557845566226433	D
15697312	R
837409894294749185	D
125109666	D
20465058	R
3279398308	D
882799575228088321	R
2329044390	R
896250527666798593	R
979156288234979329	D
2848834995	R
104236471	D
928294332	D
305333698	R
378004939	D
983873721285869568	D
74515918	R
190080466	R
466159059	D
309274068	R
17860053	D
45671898	D
58443226	R
23938529	R
19785194	R
44426731	R
727049707	D
28657135	D
475457008	D
372377073	D
16582131	D
718235132	D
1050111	R
30639615	R
1024996169628303360	D
1037157770359783424	R
1085611093412593664	D
39601664	D
473318915	D
124478983	D
3006244360	D
45991436	D
38250004	D
28468758	R
619513369	R
3827009053	D
261432863	D
105834029	D
141821487	R
109307442	D
56747571	R
1317758516	R
67741234	I
701685615562248192	D
18277947	D
740828601378066432	D
847130721001066496	D
56452670	D
2773452351	D
851592128555831296	D
854159477477658624	D
943974193246425088	D
969714045858271232	R
32474693	D
301762122	D
16795212	D
295855693	D
464266828	D
2567267919	R
107890260	D
2315028054	R
18277980	D
15058530	R
2815370851	R
14730859	R
1551345260	D
2365261420	R
26183281	D
115730034	D
985614567568003072	R
829638260	D
137381495	D
20817529	D
17729146	D
164554364	D
58500736	D
18523777	R
1066416946923622400	D
1071258873863000064	R
1080642228404539392	R
21145221	D
1088144723913658368	R
1018939406789562368	I
1019696724011569152	R
1071133524080644097	D
15255176	R
73238146	D
10307212	D
855109542639751169	D
37365390	D
869209319971147777	D
867495243482058755	D
877541637513203714	R
878767241323532290	R
904861931638542338	D
15763092	R
159729300	R
1046100237599821829	D
996222800024227845	R
23201436	D
126928542	D
304539295	D
51537566	R
2863228577	D
52881056	D
589620894	R
2801092265	D
15984306	R
1645889203	R
275572403	R
65365682	R
91948725	D
16148151	D
2251261624	D
2646705848	R
773678778	R
7890622	R
17819330	R
17622723	R
422635202	D
27649741	D
243820238	R
8849102	R
23480020	D
18573019	R
51971811	D
15705830	R
28387056	D
110536434	D
63858421	R
558294779	R
183912188	D
19007230	D
836670766368219136	D
837117388361359360	D
16156419	R
23430917	D
121751302	R
429885189	D
842450609055784961	D
9840392	D
409061131	D
3278030604	D
27698957	D
18220818	D
148440851	R
4301326102	D
935339798	R
2902239001	R
121554714	R
19539739	R
23136027	R
19318562	D
329115426	D
62932775	R
93357864	R
387802929	D
2981021490	R
20850483	R
17532724	R
22251316	R
2293131060	D
14944055	D
32589620	R
562620219	R
109111108	R
86878026	R
1048446804	R
14731096	D
19359576	D
301549400	R
22873947	D
3121948508	D
545785689	R
575448932	D
333186917	R
3383183207	D
534472568	D
46565247	R
33228672	R
707097541968588800	R
778779263558414336	D
787718832391647232	R
796554805229580288	D
801111943775973376	D
774693364306472961	D
803250111249838080	R
808510546031079424	R
823245422139469824	D
20719498	D
816802832003297282	D
832429417456660481	D
24471437	D
1447036813	R
480872337	D
557492113	D
3272050580	D
1120085910	D
14313371	D
20457375	D
2214143904	D
21522338	D
25446308	R
2488330152	D
37865394	R
3187320759	D
2859345856	D
21981121	R
57419716	D
57059274	R
925082685583785984	D
16189392	D
19728344	D
19154907	R
1242040290	R
21350370	R
1332889572	D
42919909	D
470312938	D
40814571	R
577669101	R
67356654	R
56166392	R
2413504506	D
450963453	R
23103488	R
722793491059769344	D
920036844888195072	R
927185021185622016	D
984354589745938432	D
994713337974816768	D
917228844968378369	D
266618888	R
815958011785121792	D
829733779010883584	D
619079693	D
1950378002	D
126060565	D
826542104	R
19523616	D
21137449	R
22030381	D
807176238	D
295790647	D
17295416	R
22997050	D
1137600571	R
343451708	D
557746240	D
723175496	D
225970249	R
401098850	R
248113252	R
3670296676	D
169609318	D
2790426730	D
19417197	D
274581613	D
2347763826	D
29730936	R
17934457	R
18270329	R
47122555	D
21022846	R
68454527	R
723949078040743936	R
741725172881887232	R
799096829115830272	R
802503457831849984	D
808376330937110528	R
711239104273518593	R
121940103	D
169183368	D
797591540080250881	D
2796447883	D
3111889034	D
18917517	D
824062810481168385	D
82430090	D
766047530291499011	D
835892876534026242	D
60639382	D
23382168	R
18319515	R
49408159	D
31623329	D
240847018	D
15329452	D
2180843696	D
14747825	D
116615346	D
57673909	D
286992566	D
948176780858417152	D
995931227155783680	D
998688540014862336	D
371222723	D
15214793	D
40315081	R
983700435486769152	D
65210574	D
84183248	D
3181160665	D
16337114	D
1876822236	D
2414913756	D
97716449	D
58812645	R
16804072	D
515573992	R
57362668	R
2593966320	D
23628021	D
137423095	D
34810105	R
15182074	R
2276026624	D
752566982449373184	D
15706370	R
754252444146671616	D
34400516	D
758480659945955328	D
767484720724647936	D
820139472041877504	D
176646411	R
35129612	D
23038222	D
34523410	R
720629656953626628	D
803467165990985732	D
17287449	R
216336668	D
381552927	R
298068259	R
17959210	R
459565355	D
4470475055	D
20654386	R
64948533	D
15657280	R
351226182	D
4644817222	R
375228747	D
282093902	R
16697679	R
321997134	D
821584	D
12765522	R
41445718	R
3400067416	D
4790585689	D
2148701	D
210078061	D
450210159	D
425527664	R
3012462963	D
134941045	D
2718239093	D
19245431	R
64407928	D
390261114	D
475400571	R
5990782	D
1219283328	D
2926422404	D
521398660	R
87992708	D
756279702	D
228772249	R
19909019	R
15378845	D
17131934	D
50948509	R
566806945	D
136260002	D
1166690726	D
2541991	D
841376530697715712	R
51374505	R
898165160	D
946058601679990784	D
15313325	D
42559917	D
23234992	D
19302840	R
263186884	D
20752841	R
616737225	D
1485228492	D
3273058766	R
152537552	R
19433939	R
350800339	R
2617559514	R
837303571292966912	R
1543408094	D
17623520	D
3249400288	D
25504232	D
169175539	D
15993333	D
15698424	D
263334392	R
985311739	D
27544062	R
18123264	D
14125569	D
7334402	D
819032017140531200	D
822935347491323904	D
963091765543649280	D
798654543911272449	R
991119776922550272	R
999709142058090496	D
886040836936310784	R
2834672145	D
35367443	D
43764243	R
459287059	D
147442199	D
25414167	R
59869729	D
48425512	R
47696444	D
106285629	D
224766531	D
2575911497	D
1078094414	I
1374767702	R
19884634	R
50399834	D
822585233249882112	D
822930022310825984	R
825852047006322688	D
40299103	R
869779479027208192	D
16656993	R
877820804251209728	D
930940341963935744	D
31574630	D
210324073	D
114756202	R
1351920236	D
951566117180493825	R
243001984	D
1444825729	D
797809994179760128	R
56486531	R
798007536125431808	D
804834578124984320	D
818532229689331713	D
795011719	R
4729875080	D
821361062272520193	D
822510633434435584	R
322816651	D
21719692	D
384379531	R
23267982	R
350612110	D
799136767987294208	D
812078582428213248	D
879876085273546754	R
887704019296276482	D
3405605524	R
25225877	D
29199000	R
812079680027316229	D
467151515	R
933403387315572741	R
14682781	R
45574817	R
870005520232566791	D
188803750	D
979502504860966912	R
2386766515	R
15493815	D
139856569	R
94218938	D
328657595	D
240921277	D
497027776	D
2205076161	R
90557122	D
4461734595	D
142740168	D
176491220	D
40069846	D
547416793	R
26733276	D
540781285	D
15444711	R
44280552	D
105179883	D
571304693	D
1917430519	D
284068601	R
159124223	D
3395521279	R
1088493443440009216	R
41880322	D
50088703	D
759085358868946944	R
372837125	R
1270426374	D
765718694332817408	R
780591304422023168	D
829516518404743169	D
3227568906	D
43117323	D
827279765287559171	R
2712480530	D
349186838	D
15723287	R
28412695	R
36735770	D
17238812	R
22563612	D
10840862	R
127683370	D
3245566770	D
341265203	R
174369590	D
2923391802	D
28945215	R
417631044	R
2996611909	D
15035209	D
417139531	D
825851852340199424	D
18197328	R
16206682	D
2864196442	D
35548003	R
57412452	D
34401125	D
15272807	D
1855761260	R
750365550	R
308743028	D
256297845	R
30657398	D
45869942	D
123669368	R
45861760	R
1082315882817351680	D
1082925858019569664	R
1053014987285950464	D
799294830832742400	D
822430474199068672	D
1030115886097723393	D
1017445010030161921	R
1071453553766658049	D
23022472	D
2424548233	D
847838832993202178	R
881270269586927617	D
936604229015400450	R
956140461437186049	D
979433850043592706	D
27487123	D
123653013	D
973194078912475140	D
17427351	D
22530967	D
926998287776968709	D
615951277	R
71355311	R
89836466	R
2741423029	R
191245240	D
23948217	R
45288376	D
757705656	R
2916027325	D
1228753855	D
36285379	R
331279300	R
900115400	D
21810123	R
636652493	D
1678289870	D
66989011	D
1716366295	D
32304094	D
46746594	R
358943720	D
17927146	R
1852632042	D
21924842	R
187272177	R
2718378998	D
19753977	D
25463806	D
4854172671	D
63168512	D
780676098	D
222481411	D
40004611	D
171813900	D
242584601	D
19237918	R
29363230	D
883641374	R
23079973	D
80391205	D
936754297420898304	R
22359082	D
56699946	D
964201091599601664	D
50048046	R
17099823	D
778488883	D
34360376	R
2361650234	D
78490683	R
40012861	R
25996350	D
4644170814	D
18156608	R
55364672	D
63835199	D
180251715	R
224685124	D
69553221	R
767986753	D
20024393	R
586853452	D
267021392	R
279358548	D
4916194391	R
124816474	D
533212252	R
112929886	R
880626469684207616	R
1491176544	D
885830363720802304	D
74230885	D
486894694	R
569117798	D
18402410	R
19983468	R
304090230	D
574688373	D
16133240	R
632564853	D
40684667	D
848603705033330688	D
217238658	R
863021084156858368	R
880918346522398720	D
918264347453001728	D
848245151336206337	D
595119239	R
3319434376	D
898166719797235713	D
910227967007232001	D
866146460303331330	D
894940941039144962	R
900197797403791362	R
920498429872279553	D
926625476063498241	D
20483216	D
951865700284600322	R
894427160898711552	D
344108179	R
906939939345936384	I
851925392973860868	D
879761743060373508	R
107203737	D
941719279875100678	R
37874848	D
18009252	R
63188134	R
148565166	D
2873756848	D
69315767	R
47549624	D
88755383	R
29722241	R
36588739	R
4854557892	D
869996148051804160	D
334245076	R
40045792	R
59845865	D
529747178	D
24259821	D
21130479	D
119065840	D
3039513843	D
15207668	R
22670581	D
61000954	D
18402557	R
850432368766722048	D
852045166185652224	D
876625565809221632	R
878726113740038144	D
900081566323417088	D
875407002050076673	D
905976925750927361	R
912322646372622336	D
937020045963665409	D
957490573069361153	D
16051469	R
16051473	R
725085464	D
25685281	R
196791586	D
20172067	D
235719973	R
2243030312	D
150203689	D
106237226	R
21277995	D
360320296	D
931286316	R
38358326	R
2519690555	D
337472827	D
3886755133	D
243510590	D
568814910	D
44707136	R
23375172	D
17583430	R
128740684	D
88722764	D
1689734478	D
366398802	D
16526677	D
14355800	D
3230920029	D
1466125662	D
114896223	R
119106912	D
15740256	R
29232480	D
503852386	D
1361816941	R
940959803656065024	D
1452191094	R
2798947702	D
68824441	R
308792704	D
1048022263075942400	R
850068025126662144	D
885512527966351360	D
887708307900837888	R
888503087278829568	D
1022497638015545345	R
213634439	R
1046530492529618945	R
889930888729047040	D
896405345752559616	R
882383781063274498	D
256331150	R
22318481	R
1364864402	D
43797909	D
890015256327729157	R
20925854	D
90754468	D
22154680	R
33320381	R
3130887615	D
58592705	R
1255214533	R
263269829	D
922329490532990976	D
961328924469940224	D
15691217	R
120188379	D
15822299	D
467742173	R
88772059	R
30453215	D
18673125	R
15412714	R
13954542	D
291810798	R
19836400	R
5680622	D
18533876	R
3401756152	D
98012668	R
55004670	R
892545644375687168	D
897896631902781440	D
45395460	D
892181170842091521	R
2231717384	R
18386441	D
922800136627011586	R
182996496	D
2809630224	D
339750418	D
14503443	D
1332940308	R
234573331	R
43953685	R
99184152	D
63262233	D
451743265	D
4844080678	D
971275297063690240	D
2313285170	D
16461363	D
15830584	R
49524280	R
24358459	R
2918190656	D
3307122241	R
46034497	R
3318787651	D
922152518	D
393932364	D
757739089	D
27078238	D
284339807	D
1059229280	D
39341672	R
19508842	D
3226406512	D
16330353	D
3806236276	D
14069365	D
245993078	R
243338872	D
944417993290928128	D
976329229607620608	R
985676885911916544	R
1060302060439195648	D
1026847067849871360	D
1026080814726107136	R
27348610	D
914212228840280064	D
918190202979602433	D
936603303991037952	D
938742338536591360	D
939576336989016064	D
939720318800875520	R
965995139327053826	R
22875788	D
3029511821	R
18189966	R
2331209359	D
1566650000	D
299929232	D
976562816772722689	D
1096781461	D
228626070	D
1332072086	D
3327880855	D
8916632	D
1055171016505413637	D
308276891	D
64401051	R
37760670	R
1117720224	R
18697888	D
2453237408	R
15937190	R
22081190	R
2959437479	D
137514668	D
710216499420635136	D
48754352	D
128347825	D
2846568116	D
2809401021	R
316174014	D
272510657	R
302788291	D
21221064	D
237792972	D
47017680	D
169512661	D
67899097	D
30863073	R
31059685	R
19713773	R
24063730	R
59911924	D
162959093	D
1684803320	D
90386169	R
1262743290	R
1075258061470687232	D
15830785	D
31403779	D
1869975300	R
15503109	D
1089630154660372481	D
582070020	D
26840840	D
955928899665387520	D
14610186	D
29757205	R
812953368	D
927272744	R
3005697836	D
2596671277	R
625037102	D
195039023	R
32804662	D
71479094	R
611331897	D
16256826	D
2532912954	D
35295035	D
4854943546	D
211029823	R
37924671	D
18542401	D
1162874696	D
397430607	D
385412944	D
1364881236	D
213069659	R
615993180	D
1441673053	D
90902368	D
863123675750559744	D
393146211	D
54300515	D
871811478663426048	D
877688434718109696	D
880284689885523968	R
930906155324502016	D
962789938084409344	D
3289485169	R
72904561	R
3604787059	R
165080948	D
932068250975948800	R
3077828470	R
162885498	D
18001786	R
269692794	D
4856106875	D
999782080094629889	R
20336516	R
22843285	D
21655450	D
21925787	R
2933444506	R
501247899	D
57814942	D
169660328	R
58331049	R
1473761198	D
866504623	D
26005424	D
2502397874	D
475287482	D
15101893	D
155930568	D
198758344	R
1447628749	D
19189710	R
26775504	D
383406032	R
26087378	D
73846742	D
15675351	D
354029529	D
48861157	R
72945644	D
27594735	R
450351092	D
1695469562	R
1637396478	D
1002231357161066496	D
1002958863174422529	R
1007088635878010880	R
1008213204307046400	D
1009515484990050304	D
1009603836850458624	D
1012922064057978882	D
1021208979513454597	D
1048305945552375808	D
1014270306507247616	D
1014819282226728963	D
1078278696119742466	D
1046079171842191363	D
1060784466749140997	D
22450190	R
743491833834110977	R
121196560	D
21041169	R
842813387230924810	D
279220243	D
36761621	R
889924451147579396	D
78295067	R
16044062	R
996892649301868550	D
30314529	D
573173793	D
15454247	D
1046114347	D
58585133	R
845893680	D
14676022	D
17920055	R
37810235	D
392884284	D
3287797824	D
885887040	D
18329671	R
1732104265	R
71553097	D
75190347	I
816794030382190592	D
42692687	D
15274064	R
50180175	D
189231187	D
23695444	R
498167911	D
232665194	D
72454254	D
50827378	R
3060568190	D
992814060650487808	D
750046943905058816	D
753668096	D
935277284004466688	D
289206404	D
946956771997782016	D
1041461384	R
64426122	D
101380235	D
345985168	D
56504474	R
75550876	R
2379460765	D
161403044	R
239202474	D
414019756	R
298242222	D
785164236804632576	D
1131917492	R
19730627	R
17813701	R
136728774	D
183767243	D
16658638	R
1687367893	R
30380250	D
71651549	D
134926562	R
451031273	D
57143529	D
90468592	D
994671413377323008	R
64319731	D
134852853	D
23105781	R
146051319	D
939597366361055232	D
23580927	D
971547642135306240	R
23605505	D
715009133171318784	D
744252001572233216	D
15315204	D
2200637700	D
22270213	D
753060090740088833	R
59486472	R
785232363102019584	D
793614198378995713	D
830888476539232257	D
1623716108	D
23105804	D
159985941	D
22262038	D
822827798414893060	D
832068574760017924	R
954442279191830529	R
959059526489202689	D
24801563	D
35139868	D
387707165	R
241201438	D
270528803	D
24842534	R
631697712	D
849074068137619456	D
852694800763629568	D
902588418949033984	D
799068469	D
942584497408749568	R
17117495	D
244781367	R
74543417	R
945464376999456768	R
132976955	D
26063171	D
355881289	D
48566603	R
62632267	D
68219213	D
883065851691315201	R
917012428432519169	R
2675380561	D
176664914	R
78369108	R
292090197	D
939782484	R
550695257	D
1614205279	D
2161996130	R
19083619	R
903069326495887362	D
1598574949	D
35754345	D
16642424	D
19919227	D
74568060	D
24613245	D
25383295	D
751203666963476480	D
118854018	R
21926275	D
829594600910106624	D
18338181	D
220393861	R
2552844678	D
3658748296	D
793587569455804417	D
863000459576881152	D
898636844736196609	D
23753100	R
963867897956151298	R
239964567	R
365253017	D
316739994	R
4888777115	D
54407577	R
3482685855	D
222515617	R
296866209	R
421851557	R
3343143335	D
953133700031623168	R
41669035	D
16667056	R
30101940	D
23327166	R
230674884	D
47272390	R
50401738	D
224391627	R
1075843532	D
50729420	R
19943886	D
44495316	D
345715168	D
67875296	D
19681765	R
867783477915254784	D
878247600096509952	R
879355336779595776	D
894308488356265984	R
25620973	R
70144495	D
462410227	R
25645556	R
88281587	D
19739126	R
32453116	D
110899711	D
809420163711909888	D
823579610336083968	D
825856701857415168	D
835345165611057152	D
718375439367028737	D
3226440199	D
2308772360	D
827176952452759555	D
838466653784522755	R
1130238482	D
917770782	D
2778190368	D
41464356	R
3960361509	R
474649127	R
16118322	D
903049778	R
97964594	R
109900347	D
55726652	D
169980486	D
36893259	R
1072517708	R
25391694	R
72094286	D
2387964511	R
295293535	D
293261924	D
21025381	D
15372918	D
940266103	D
22327929	D
245969534	D
14758527	D
705245553001517056	D
717776438653374464	R
821795836447182848	D
51344010	D
724989244272300034	R
161419926	R
353890966	R
1191858842	R
17060507	D
70111902	R
19927713	D
1693373094	R
966325849661288448	D
137040556	D
16036525	R
26350255	D
412316336	R
59765425	D
21697207	R
139236026	D
5526202	R
2807706300	D
1616499390	D
33329857	R
58389185	R
99390153	D
911855677294903296	D
962167821848412160	D
2948526801	D
2966770391	D
3122123479	R
69563105	R
15610600	R
3548295915	D
2613965551	D
24892146	D
192369395	D
265155317	R
1112486646	D
72717049	D
506696443	D
765200470742818816	R
788251534840717312	D
589386499	D
238269188	R
247100165	D
790657468560990208	D
4697862919	D
29086472	D
23433993	R
2525983497	D
573084423	D
2373915408	R
25195282	R
66056991	R
23458597	D
272577317	D
56439590	D
58569513	D
27513648	R
21156659	D
1558893368	R
21918525	R
42701629	D
63804234	R
121557838	D
26612560	D
218993498	D
59880285	R
19084128	R
14275426	D
16487266	D
40653668	R
14185317	D
894292836	D
3243905896	R
2786005869	D
384381805	D
1058018161	D
201077617	D
3249083250	R
43963249	D
1653330805	D
108196727	R
25564023	D
322278265	D
4871492478	D
1017497858293919744	R
373109633	D
15094659	D
2363200387	R
2814956420	D
800704496246484992	D
815718542280519680	D
23663496	D
58504073	R
4872729485	D
24589199	R
155800464	D
1161712530	R
30249877	D
425505686	R
19624861	R
110924703	R
26186655	D
76387233	R
62919588	D
2369090472	D
243004333	R
19264430	R
197628846	R
3308049331	R
243454901	D
617370552	R
22508473	R
325194681	D
780383160	R
23450558	D
398644168	R
1008456650	R
21820363	R
2978075595	D
21165005	D
44725196	D
609424335	R
944574141432201216	D
43373540	D
775142	D
625546219	R
1873081328	R
18830326	R
208671734	R
221484024	D
15651835	D
22156288	D
726872852968931328	D
773682198385950720	D
793766323809583104	D
795430789571837952	D
797091761462083584	D
802540906834460672	I
18772999	R
22975495	D
812026450614321153	R
814292178268749824	R
744122320600596482	R
817520066086469634	D
823729316676665345	D
36459535	R
776249889835614212	R
796726296	D
763206288947970053	D
26817565	D
18379814	R
1511502894	R
491820081	R
89699383	R
2863469625	D
35779645	D
24196158	R
1580233795	D
17175619	R
2729145411	R
4851790919	D
953041598727716864	R
88282197	D
312964185	D
219010139	R
3077321821	D
193164383	D
3167695972	D
218051686	D
3009647720	D
22230121	D
951635949901025280	D
965391509918027776	D
972600780137140224	D
988794378490712064	R
17552501	R
17126519	D
17699965	D
34681981	D
142824575	D
37516417	R
750066155327361024	D
756173215823597568	D
785910978617577472	D
786625383110053888	D
788912266452176896	D
793889238651539457	D
816719802328715264	R
16782473	R
961980671630741505	R
1064383627	D
294212748	D
3238622359	D
2512671896	R
2602521753	D
40834201	R
964996994623311874	R
971572848392376322	D
243799204	D
595162282	D
1620530348	D
43545773	R
49190063	R
103929010	R
29865139	R
29537460	D
133502135	R
1452143802	D
1554363578	D
798897338	R
62633151	D
582259915	D
564958417	R
250385618	D
311276757	D
1318122715	D
3550688475	R
437056733	D
20288735	D
75445472	R
140457190	R
18314471	R
21738726	R
1582994666	D
121230578	D
186291444	R
47494388	D
32150774	D
72357108	R
256070906	D
33789181	D
2840696062	D
21771519	R
92345598	R
1065388502970441728	D
1070859023841402880	R
1089305144225865728	D
1054895289352495104	D
360461571	R
18773254	R
1075862399192834049	D
1090337514878050305	D
158364935	D
18289929	R
38237450	R
776226200251269120	D
778514345227452416	D
786215645071278080	D
804648200	D
350049552	D
16594193	R
137164051	D
16209180	D
1703474467	D
4897944867	D
32167206	D
1964045610	R
3301815594	R
768357679	R
16700729	R
16119100	R
54244669	R
251393349	D
20100423	D
233985354	D
337491274	D
153204047	R
24737106	R
1201491	D
330413397	D
18011486	R
295712099	R
58889572	D
16250216	D
175437164	D
17782124	D
503272829	D
17282430	R
20174209	R
17773954	D
702601370344402944	R
746764441568456704	D
277599621	D
710882693	D
743229394454446080	D
750410239581663232	R
762462903093997569	D
770910184294187008	D
717524490574409730	D
806794262004150273	D
820140633436237825	D
105829774	D
38393231	D
17495447	D
19953048	D
319059357	D
48043422	R
872438628399579137	D
23025062	R
66942374	D
3593641	D
209974698	D
608826805	R
22681016	D
872471341697466370	R
944264634	R
52762044	R
76027332	D
32798152	R
345134536	D
16152012	R
90420685	D
966446051652718592	R
118830545	D
1057838546	D
24925651	R
128423382	R
2771129816	D
974976480	R
258954731	D
791901679	R
574166517	D
64116213	D
569611767	R
15726077	D
25605631	D
1034104953080561664	R
313366018	R
4706768387	D
26703365	D
21231110	D
1022998760220180481	R
1075156620626280449	D
117061128	R
1955132936	R
1033572863574458370	D
1080191866509901826	D
1090507525462605826	D
56735248	D
619451921	D
17266198	D
130545175	D
130496027	D
49534493	D
46396958	D
19674655	R
2378470946	D
22509095	D
1948374571	D
2372843052	D
1014593071	D
26433072	R
577361456	R
30651957	D
730619682458357760	R
736616873958232064	R
849095774474522624	R
850311699253088256	D
868627525362176000	D
911070305073942528	D
1324127808	D
91125308	D
912817412751413248	D
926892786812637184	D
16873037	R
1885230674	D
551507538	R
522401364	R
951226008123920385	I
1694504534	D
956324325556146177	D
2555950682	D
87742045	R
53466720	D
14800483	R
255727205	R
285578853	D
281294439	D
85505639	D
21370475	D
25409131	D
36583020	R
625759858	D
232445555	D
325269109	D
233576055	R
23484025	R
513996411	D
1057860364212162560	D
525022850	D
865276677957406720	D
890591048048627712	R
958712571598524416	R
1097058563187331073	R
725777349338255361	D
840161360868593665	D
952013890711244801	D
724323918836715522	D
76150411	R
102110864	D
333747860	R
2971113110	D
71374488	R
107263644	R
264386210	D
488019620	D
18978469	R
1593775801	D
110696122	R
21878458	R
255719097	D
50788031	D
179205824	R
61871814	R
136042190	D
18618065	D
336336593	D
561190611	R
64607956	R
26089178	R
572061403	R
284907229	R
1716492000	D
335476450	D
17241829	D
3387643623	D
165320426	D
625891051	R
290641644	D
2923976429	D
2569664238	R
62945011	R
389076725	R
2179151610	D
1152497407	R
1072542013172670464	D
1039708968229199872	R
1056025209784950784	D
1287427844	R
27678466	D
1442019078	D
512300801	R
720025504020094976	D
75896584	R
927080265868042241	D
726430258459762690	R
939153360464306177	D
71325454	D
99759888	R
37656339	D
844735730530312196	D
306304790	D
22075159	D
897988374	D
920689268997152773	R
432543523	D
169686820	D
16799528	D
3299809065	R
386742063	R
21542704	R
225826610	D
1244124979	D
635688754	D
26228538	D
300980027	D
1112233794	D
324171587	D
47322953	R
33281866	D
1892292427	D
397653836	D
23394127	R
167884639	R
15734630	D
16316264	D
226219881	D
2479134570	R
3332175724	D
53720945	D
780269431	D
277034872	D
543373179	R
1020441696738275328	D
1441986433	D
4837259137	D
937493450705924096	D
593360775	R
125441928	D
2387244938	D
307173259	D
90642314	D
33634189	D
627480461	R
209319823	R
1041671091825995779	R
1092297796755976195	D
8370082	D
145848235	D
37435310	R
245512118	D
3231061942	R
230627257	D
182794170	D
222345156	D
20961223	D
492443591	D
229873610	D
75020235	R
23254990	R
128210898	D
27588562	D
33060832	R
592312296	D
189224945	D
19159026	D
313120760	R
17995774	R
795969112648384512	D
796127674511065088	D
801100959652970496	D
820705814906339328	D
828406947359686656	R
821023979783782401	R
825429445402099713	D
841737152698449920	D
24631305	R
232175626	D
824423653299326976	D
2567763980	D
540243981	R
109729812	D
14080020	D
176920597	D
192698391	D
3278723094	D
2337314844	R
478959651	R
550131748	D
17315877	D
2896500773	D
1548875815	D
3831486505	D
32618551	D
224311355	D
90454075	R
243701822	R
59881538	D
15710277	D
783808585	D
607721548	D
1126602830	D
16054353	R
465123413	D
396122204	D
1871673438	D
2513008747	D
109328493	D
2248472686	D
42924141	R
613718131	R
17184884	D
45865081	D
69761145	R
16963709	R
254777469	R
30595199	D
2201188481	D
810277341280669696	D
815326132471926784	D
816870147180793856	D
744671956776062977	D
609286279	D
26417304	D
96802970	D
18528411	D
254392476	D
2854197404	D
486242462	D
17905825	D
179517603	D
1071429800	R
2568992936	D
126441644	R
86816944	R
2967132341	D
29358264	D
51796158	D
53516478	R
935143079866195968	D
957342047698083840	D
983247178075398144	D
42072260	D
28473541	R
3683113160	D
16373962	D
580073682	D
236968152	D
66353369	R
337844446	D
37820650	D
197417201	D
2405128434	R
3305666809	R
66951419	R
35518719	R
702261605703294976	D
703430950219358208	R
556235011	D
715538507767422976	R
718909155654967296	D
746016845791174656	D
194615561	R
26654986	D
135371020	D
793999634	D
1500428564	D
772430100	D
38869277	R
82082088	D
2213361961	D
270997805	D
274561328	D
15939889	D
40409398	R
47626551	D
980941320758988801	D
10565952	D
924776768	D
24099140	D
1461885254	D
33061196	D
2732153170	D
26655063	D
65763671	R
4917705058	D
1010096486	D
266803558	D
35060071	R
867187050	D
994401403216023552	D
19626358	R
2746202489	D
18962814	R
2398730622	D
169785728	D
25368960	D
761700665726939136	D
779025616041488384	R
832747890510475264	D
846438498454286336	R
408304006	R
32676231	D
975468189164318720	D
10836362	D
826496319044792322	I
363198860	D
964370474703597573	R
16374172	R
972634525	D
48454046	R
431249824	D
61233571	R
1894152612	D
91896228	R
817158838164029440	D
824607109958500352	R
835368648692891648	R
763785458497171464	D
91150764	D
97581493	R
2903882167	D
16955832	R
1267784124	D
9836992	D
243677635	R
219552197	R
624826831	D
9468372	R
297064917	R
27015639	D
3267574231	D
33626585	R
49510872	R
20290014	D
2381478368	D
19732969	R
2375686638	D
342768115	D
2922469876	R
39844339	R
2973055481	D
21461498	D
16177660	D
291903997	D
188897793	D
473537026	D
2713098756	D
1086073339427373057	R
199924232	D
17824265	R
837086606616117250	D
845253706304143364	D
23534104	D
3234134552	D
43555354	R
85146136	R
3219593756	D
73333278	I
66509355	D
4495571503	D
290011697	D
49248817	R
19405365	R
61856309	D
136526394	R
21830205	D
19069521	D
29063765	R
824271324889698304	D
824773385670578176	D
61266524	D
825806990488326144	D
850035191200567296	D
931899758867861504	R
939232806311514112	D
190298721	D
23403105	D
781212264	D
17807979	D
2437069422	R
890675418780618753	D
893290253724897281	D
896857073278996481	R
1413208694	D
43178616	D
121182843	D
58538619	D
14834304	R
750161627454984192	D
365099650	R
758011007000203264	R
779188582296670208	R
793306512013742080	D
824756147672403968	D
826083588860891136	D
234797704	R
4302649992	D
15268490	D
44505738	R
763525830962139138	D
799372922313908224	D
435370641	R
816896217426829312	R
829706512402620416	D
2786564756	R
421616276	D
364591768	D
605641377	D
333748898	R
798890670	D
265329329	R
153057970	R
15506100	R
919804596	R
514726584	D
716544710	D
248470217	D
24845003	D
236149457	D
80698068	R
21265109	D
499194588	R
2183936735	R
256285408	D
325925601	D
142301923	D
2651126504	D
358791916	D
19315437	R
23165680	R
122526450	D
126728946	D
19421938	D
38157048	R
139606779	D
3027286779	D
336657153	D
776922348385689600	R
25033475	R
785340777169903616	D
851562440093556736	D
870971280715112448	R
874114249412534272	D
1150728968	D
878006456548810752	D
895381583737348096	D
882837562104176642	D
41859853	D
37935886	D
757663931871748100	D
4174527256	D
888650520	D
581991194	D
23608092	D
243333917	R
1312439078	D
63003432	D
95689513	R
102464298	D
858921774	D
45480752	D
472562483	D
3307871031	R
27433794	D
574667586	R
25197380	D
391732037	R
825744303674814464	D
828862667934855168	D
3268623176	D
1702731	D
4486093643	D
72547151	R
2890120037	D
143194982	D
16702310	D
371055464	D
545315692	D
3734010737	R
4297522038	R
557046649	R
5815162	R
58850174	R
827129857775595520	D
81230731	D
88587154	R
43269016	R
15170457	D
35568539	R
23960476	D
19717024	D
199539617	D
20388775	R
169515950	D
36535215	D
17726384	R
16456627	D
24378293	R
45398966	R
47807413	R
3006806969	D
631946173	R
16571326	D
18209729	R
1541921730	D
14801863	D
2579798984	D
881621833568616448	D
19798988	R
2174327760	D
26598353	R
227769299	R
2491513814	D
16440284	D
331258850	D
18815971	R
118078436	D
525646818	R
139959270	R
326540264	R
24026095	D
4203346932	D
384678906	D
516144125	R
1022109996941803520	D
1436605442	D
757104237931364352	D
772903942175031296	D
798910295968284672	D
1079562374145867777	R
2829900806	D
763234060621807617	R
810639135694356480	D
842761711367192576	D
1082265401717915650	D
778961558303113218	R
851088392351875074	D
860228186554204162	D
879048454009487361	D
895478479155855362	D
22879254	D
115276825	D
18258975	R
100678690	D
2348530723	R
251313192	D
157834281	R
34020392	D
734649816848961536	D
747871274	R
940583202699251712	D
24566830	D
101833775	D
318594095	R
948389532671578112	D
949680672418992128	D
965786046515548160	D
19741749	R
915594294	R
711498808	R
2579184698	D
336247868	R
537156670	R
748477502	R
1478466624	R
988858472132415489	D
31185990	R
874740812	R
91429969	R
939621458	R
779566170	R
299285595	D
1505926237	D
1678457952	D
8526952	D
16424044	R
493206648	D
43539585	R
64035970	D
195746953	R
846265483	R
139762834	D
20192403	R
93330579	D
951817958229028864	D
40000662	R
26901657	D
25681050	R
558251172	D
26344615	R
18660521	D
294812841	D
517946537	D
1660673196	D
2465111220	D
119749813	D
2564455604	R
1648639159	D
500866231	R
109280446	R
503872708	D
15662282	D
153869519	D
2828762322	D
723115219	D
28277980	D
16088285	R
611867872	D
17235172	R
494279911	R
373570796	R
1286798574	D
17202417	D
1910979834	I
14900477	D
1024803971414859776	I
1049674827521564672	R
1591434500	D
600595717	R
246824198	R
868566436545011712	D
885360811815968768	D
892244385550802944	D
55737611	R
915383732311400450	D
903927722375880707	D
905154227475030020	D
2981592346	D
19422491	D
222985500	D
21839133	D
1249418526	D
62831904	D
165395747	R
501087523	D
41409829	R
1962564906	R
258620715	D
64871723	D
1163517230	D
15850799	R
2711993649	D
4686667056	D
17890614	D
4019068214	D
28147003	D
848518471	D
50371921	D
1071938899	D
21970263	D
76799320	D
1599266138	D
547069280	R
1514249569	D
3078339940	R
1589697896	R
18382184	D
132283755	D
43810158	D
142908783	D
18726257	R
63790450	R
213073267	D
15711605	R
23625085	D
1095809893192282112	R
15891841	R
483155330	R
512572803	D
760020356	D
840064277939597312	D
3234962824	D
116505994	D
1388223884	R
19512725	D
20708761	D
38477209	D
15883676	D
63602081	R
246447524	R
418373028	D
625352100	R
60644777	D
291569066	D
3337043375	R
431996336	D
116628927	R
16596415	D
2476178880	R
14335435	R
863283739496939520	D
119250381	D
2366496206	R
83058125	D
74825169	R
23281108	D
1587551701	R
467975647	D
16186855	D
16227815	D
810802664	D
1209613802	R
14466538	D
2324594156	D
2326035948	R
803487211	D
256179701	D
2837749240	D
124976633	R
361422333	D
19152385	D
49217025	D
2341977604	R
407518728	D
1587256842	D
19275275	R
79281675	D
2153971220	D
123608597	D
994774130909212672	D
2169413148	R
3018358301	D
272539173	R
504962601	D
19316267	D
358563373	D
190160433	D
509558324	R
1209302581	D
44170811	R
49634881	R
49159747	D
17022537	D
980909623766024192	D
2324069972	D
133570135	D
1394884184	D
22789721	D
3346906715	D
17841765	R
15326822	D
26263143	R
1444290152	D
23477869	R
1228652142	D
20012668	D
707509885	R
22322814	R
49782398	D
503873153	D
868174067882381312	D
991665794	D
117456521	R
873032962014564354	R
882049699217264642	R
19422863	D
16391824	D
51953296	D
273137300	D
21692054	R
1388674711	I
1279647384	D
1219395228	R
24190626	R
1674501806	R
15498928	D
192347825	D
30523058	R
432643761	R
3254017719	D
4880850619	D
21569218	R
361414338	D
841691667560308737	R
57786057	R
199810766	D
65150682	D
246423260	D
342720228	R
18095847	D
14155497	D
713334511	D
121700084	R
61521653	R
621485812	D
1216118522	D
104324860	D
1067170487862812672	D
1327513346	D
1076610456251523072	D
1049805382821076992	D
1052055717488877568	R
1026106968862351361	D
1046864715442544641	D
1070502143902343169	R
139501320	R
211902218	R
398696201	D
44498699	D
489635588	D
936274951501504513	D
15097615	D
14425872	D
965566396930449411	D
281509650	R
981925777552957442	D
25517844	D
405561109	D
729177876	D
14327577	D
30875418	R
555597593	D
961339138883706885	R
820903712	D
240303906	R
27205412	R
35356456	D
18685740	R
19824430	D
15834931	D
276160315	D
2891759425	D
100851525	R
19349317	R
835010377	D
18997068	D
50798417	R
19570515	D
196067156	R
17096533	R
107241302	D
1390640984	D
24035161	R
1018199904	D
822844948433301504	D
884908246359830528	R
17964900	D
630128485	R
921917001756536832	D
923282909309661184	D
931199693601861632	R
973648788115124224	D
107536234	D
975388636660330496	D
4509753196	R
1226907504	R
242687860	D
488890229	D
1385791357	D
19259282	R
21585811	D
287891346	R
733069202	R
95281047	D
141328285	D
278151072	D
36986787	D
16138154	D
2864078764	D
112541613	R
583319470	D
166272944	D
411738036	D
280895414	D
188055481	D
155942845	R
1262936000	R
16351170	D
119463881	R
1010360268	R
2670772172	D
28827600	D
932003796	D
22044641	R
300498915	D
4883726314	D
16932845	D
176578543	D
2415321072	D
419889137	D
3063996411	D
22970364	D
